﻿<?xml version="1.0" encoding="utf-8"?>
<unattend xmlns="urn:schemas-microsoft-com:unattend">
  <settings pass="windowsPE">
    <component name="Microsoft-Windows-International-Core-WinPE" processorArchitecture="amd64" publicKeyToken="31bf3856ad364e35" language="neutral" versionScope="nonSxS" xmlns:wcm="http://schemas.microsoft.com/WMIConfig/2002/State" xmlns:xsi="http://www.w3.org/2001/XMLSchema-instance">
      <SetupUILanguage>
        <UILanguage>en-US</UILanguage>
      </SetupUILanguage>
      <InputLocale>0409:00000409</InputLocale>
      <SystemLocale>en-US</SystemLocale>
      <UILanguage>en-US</UILanguage>
      <UILanguageFallback>en-US</UILanguageFallback>
      <UserLocale>en-AU</UserLocale>
    </component>
    <component name="Microsoft-Windows-Setup" processorArchitecture="amd64" publicKeyToken="31bf3856ad364e35" language="neutral" versionScope="nonSxS" xmlns:wcm="http://schemas.microsoft.com/WMIConfig/2002/State" xmlns:xsi="http://www.w3.org/2001/XMLSchema-instance">
      <DiskConfiguration>
        <Disk wcm:action="add">
          <DiskID>0</DiskID>
          <WillWipeDisk>true</WillWipeDisk>
          <CreatePartitions>
            <!-- Windows RE Tools partition -->
            <CreatePartition wcm:action="add">
              <Order>1</Order>
              <Type>Primary</Type>
              <Size>300</Size>
            </CreatePartition>
            <!-- System partition (ESP) -->
            <CreatePartition wcm:action="add">
              <Order>2</Order>
              <Type>EFI</Type>
              <Size>100</Size>
            </CreatePartition>
            <!-- Microsoft reserved partition (MSR) -->
            <CreatePartition wcm:action="add">
              <Order>3</Order>
              <Type>MSR</Type>
              <Size>128</Size>
            </CreatePartition>
            <!-- Windows partition -->
            <CreatePartition wcm:action="add">
              <Order>4</Order>
              <Type>Primary</Type>
              <Extend>true</Extend>
            </CreatePartition>
          </CreatePartitions>
          <ModifyPartitions>
            <!-- Windows RE Tools partition -->
            <ModifyPartition wcm:action="add">
              <Order>1</Order>
              <PartitionID>1</PartitionID>
              <Label>WINRE</Label>
              <Format>NTFS</Format>
              <TypeID>DE94BBA4-06D1-4D40-A16A-BFD50179D6AC</TypeID>
            </ModifyPartition>
            <!-- System partition (ESP) -->
            <ModifyPartition wcm:action="add">
              <Order>2</Order>
              <PartitionID>2</PartitionID>
              <Label>System</Label>
              <Format>FAT32</Format>
            </ModifyPartition>
            <!-- MSR partition does not need to be modified -->
            <ModifyPartition wcm:action="add">
              <Order>3</Order>
              <PartitionID>3</PartitionID>
            </ModifyPartition>
            <!-- Windows partition -->
            <ModifyPartition wcm:action="add">
              <Order>4</Order>
              <PartitionID>4</PartitionID>
              <Label>OS</Label>
              <Letter>C</Letter>
              <Format>NTFS</Format>
            </ModifyPartition>
          </ModifyPartitions>
        </Disk>
      </DiskConfiguration>
      <ImageInstall>
        <OSImage>
          <InstallTo>
            <DiskID>0</DiskID>
            <PartitionID>4</PartitionID>
          </InstallTo>
          <InstallToAvailablePartition>false</InstallToAvailablePartition>
        </OSImage>
      </ImageInstall>
      <UserData>
        <ProductKey>
          <!-- Do not uncomment the Key element if you are using trial ISOs -->
          <!-- You must uncomment the Key element (and optionally insert your own key) if you are using retail or volume license ISOs -->
          <Key>
          </Key>
          <WillShowUI>Never</WillShowUI>
        </ProductKey>
        <AcceptEula>true</AcceptEula>
        <FullName>GPU-P</FullName>
        <Organization>
        </Organization>
      </UserData>
    </component>
  </settings>
  <settings pass="offlineServicing">
    <component name="Microsoft-Windows-LUA-Settings" processorArchitecture="amd64" publicKeyToken="31bf3856ad364e35" language="neutral" versionScope="nonSxS" xmlns:wcm="http://schemas.microsoft.com/WMIConfig/2002/State" xmlns:xsi="http://www.w3.org/2001/XMLSchema-instance">
      <EnableLUA>true</EnableLUA>
    </component>
  </settings>
  <settings pass="generalize">
    <component name="Microsoft-Windows-Security-SPP" processorArchitecture="amd64" publicKeyToken="31bf3856ad364e35" language="neutral" versionScope="nonSxS" xmlns:wcm="http://schemas.microsoft.com/WMIConfig/2002/State" xmlns:xsi="http://www.w3.org/2001/XMLSchema-instance">
      <SkipRearm>1</SkipRearm>
    </component>
  </settings>
  <settings pass="specialize">
    <component name="Microsoft-Windows-International-Core" processorArchitecture="amd64" publicKeyToken="31bf3856ad364e35" language="neutral" versionScope="nonSxS" xmlns:wcm="http://schemas.microsoft.com/WMIConfig/2002/State" xmlns:xsi="http://www.w3.org/2001/XMLSchema-instance">
      <InputLocale>0409:00000409</InputLocale>
      <SystemLocale>en-AU</SystemLocale>
      <UILanguage>en-AU</UILanguage>
      <UILanguageFallback>en-AU</UILanguageFallback>
      <UserLocale>en-AU</UserLocale>
    </component>
    <component name="Microsoft-Windows-Security-SPP-UX" processorArchitecture="amd64" publicKeyToken="31bf3856ad364e35" language="neutral" versionScope="nonSxS" xmlns:wcm="http://schemas.microsoft.com/WMIConfig/2002/State" xmlns:xsi="http://www.w3.org/2001/XMLSchema-instance">
      <SkipAutoActivation>true</SkipAutoActivation>
    </component>
    <component name="Microsoft-Windows-SQMApi" processorArchitecture="amd64" publicKeyToken="31bf3856ad364e35" language="neutral" versionScope="nonSxS" xmlns:wcm="http://schemas.microsoft.com/WMIConfig/2002/State" xmlns:xsi="http://www.w3.org/2001/XMLSchema-instance">
      <CEIPEnabled>0</CEIPEnabled>
    </component>
    <component name="Microsoft-Windows-Shell-Setup" processorArchitecture="amd64" publicKeyToken="31bf3856ad364e35" language="neutral" versionScope="nonSxS" xmlns:wcm="http://schemas.microsoft.com/WMIConfig/2002/State" xmlns:xsi="http://www.w3.org/2001/XMLSchema-instance">
      <ComputerName>GPUP122</ComputerName>
      <ProductKey>W269N-WFGWX-YVC9B-4J6C9-T83GX</ProductKey>
    </component>
  </settings>
  <settings pass="oobeSystem">
    <component name="Microsoft-Windows-Shell-Setup" processorArchitecture="amd64" publicKeyToken="31bf3856ad364e35" language="neutral" versionScope="nonSxS" xmlns:wcm="http://schemas.microsoft.com/WMIConfig/2002/State" xmlns:xsi="http://www.w3.org/2001/XMLSchema-instance">
      <AutoLogon>
        <Password>
          <Value>CoolestPassword!</Value>
          <PlainText>true</PlainText>
        </Password>
        <Enabled>true</Enabled>
        <Username>GPUVM</Username>
      </AutoLogon>
      <OOBE>
        <HideEULAPage>true</HideEULAPage>
        <HideOEMRegistrationScreen>true</HideOEMRegistrationScreen>
        <HideOnlineAccountScreens>true</HideOnlineAccountScreens>
        <HideWirelessSetupInOOBE>true</HideWirelessSetupInOOBE>
        <NetworkLocation>Home</NetworkLocation>
        <SkipUserOOBE>true</SkipUserOOBE>
        <SkipMachineOOBE>true</SkipMachineOOBE>
        <ProtectYourPC>1</ProtectYourPC>
      </OOBE>
      <Display>
        <ColorDepth>32</ColorDepth>
        <HorizontalResolution>1920</HorizontalResolution>
        <RefreshRate>60</RefreshRate>
        <VerticalResolution>1080</VerticalResolution>
      </Display>
      <UserAccounts>
        <LocalAccounts>
          <LocalAccount wcm:action="add">
            <Password>
              <Value>CoolestPassword!</Value>
              <PlainText>true</PlainText>
            </Password>
            <Description>
            </Description>
            <DisplayName>GPUVM</DisplayName>
            <Group>Administrators</Group>
            <Name>GPUVM</Name>
          </LocalAccount>
        </LocalAccounts>
      </UserAccounts>
      <RegisteredOrganization>
      </RegisteredOrganization>
      <RegisteredOwner>GPU-P</RegisteredOwner>
      <DisableAutoDaylightTimeSet>false</DisableAutoDaylightTimeSet>
      <FirstLogonCommands>
        <SynchronousCommand wcm:action="add">
          <Description>Allow Scripts</Description>
          <Order>1</Order>
          <CommandLine>reg add HKLM\Software\Policies\Microsoft\Windows\Powershell</CommandLine>
          <RequiresUserInput>false</RequiresUserInput>
        </SynchronousCommand>
        <SynchronousCommand wcm:action="add">
          <Description>Allow Scripts</Description>
          <Order>2</Order>
          <CommandLine>reg add HKLM\Software\Policies\Microsoft\Windows\Powershell /v ExecutionPolicy /t REG_SZ /d Unrestricted</CommandLine>
          <RequiresUserInput>false</RequiresUserInput>
        </SynchronousCommand>
        <SynchronousCommand wcm:action="add">
          <Description>Allow Scripts</Description>
          <Order>3</Order>
          <CommandLine>reg add HKLM\Software\Policies\Microsoft\Windows\Powershell /v EnableScripts /t REG_DWORD /d 1</CommandLine>
          <RequiresUserInput>false</RequiresUserInput>
        </SynchronousCommand>
        <SynchronousCommand wcm:action="add">
          <Order>4</Order>
          <RequiresUserInput>false</RequiresUserInput>
          <CommandLine>cmd /C wmic useraccount where name="GPU-P" set PasswordExpires=false</CommandLine>
          <Description>Password Never Expires</Description>
        </SynchronousCommand>
      </FirstLogonCommands>
      <TimeZone>GTB Standard Time</TimeZone>
    </component>
  </settings>
</unattend>